<?xml version="1.0" encoding="utf-8" ?>
<Defs>

  <ThingDef ParentName="BuildingBase">
    <defName>ShipHullTile</defName>
    <label>hull plating</label>
    <thingClass>Building</thingClass>
    <category>Building</category>
    <graphicData>
      <texPath>Things/Building/Ship/HullPlate</texPath>
      <graphicClass>Graphic_Single</graphicClass>
    </graphicData>
    <building>
			<ai_chillDestination>false</ai_chillDestination>
			<isInert>true</isInert>
      <isEdifice>false</isEdifice>
      <shipPart>true</shipPart>
    </building>
    <altitudeLayer>Floor</altitudeLayer>
    <passability>Standable</passability>
	<placingDraggableDimensions>2</placingDraggableDimensions>
    <statBases>
      <MaxHitPoints>800</MaxHitPoints>
      <WorkToBuild>900</WorkToBuild>
      <Flammability>0.0</Flammability>
      <Beauty>1</Beauty>
    </statBases>
    <description>Spaceworthy hull plating. Designates this tile (and any objects built on it) as part of a ship. Must be placed inside an enclosed room.</description>
    <costList>
      <Steel>3</Steel>
	  <Plasteel>5</Plasteel>
    </costList>
    <comps>
      <li Class="CompProperties_Power">
        <compClass>CompPowerTransmitter</compClass>
        <transmitsPower>true</transmitsPower>
      </li>
      <li Class="CompProperties_ShipPart"/>
		  <li Class="CompProperties_RoofMe"/>
    </comps>
    <placeWorkers>
      <li>PlaceWorker_InsideShipRoom</li>
    </placeWorkers>
    <rotatable>false</rotatable>
    <selectable>false</selectable>
    <neverMultiSelect>true</neverMultiSelect>
    <soundImpactDefault>BulletImpact_Metal</soundImpactDefault>
    <terrainAffordanceNeeded>Heavy</terrainAffordanceNeeded>
    <designationCategory>Ship</designationCategory>
    <constructEffect>ConstructMetal</constructEffect>
    <designationHotKey>Misc1</designationHotKey>
    <researchPrerequisites>
      <li>ShipBasics</li>
    </researchPrerequisites>
	<coversFloor>true</coversFloor>
	<fillPercent>0.0</fillPercent>
  </ThingDef>

  <ThingDef ParentName="BuildingBase">
    <defName>Ship_Beam_Modular</defName>
    <label>ship structural module</label>
    <description>A small structural module around which a ship can be constructed.</description>
    <thingClass>Building</thingClass>
		<graphicData>
      <texPath>Things/Building/Linked/ShipBeam</texPath>
      <graphicClass>Graphic_Appearances</graphicClass>
      <linkType>CornerFiller</linkType>
      <linkFlags>
        <li>Wall</li>
        <li>Rock</li>
      </linkFlags>
      <damageData>
        <cornerTL>Damage/Corner</cornerTL>
        <cornerTR>Damage/Corner</cornerTR>
        <cornerBL>Damage/Corner</cornerBL>
        <cornerBR>Damage/Corner</cornerBR>
        <edgeTop>Damage/Edge</edgeTop>
        <edgeBot>Damage/Edge</edgeBot>
        <edgeLeft>Damage/Edge</edgeLeft>
        <edgeRight>Damage/Edge</edgeRight>
      </damageData>
    </graphicData>
		<uiIconPath>Things/Building/Ship/BeamSingle</uiIconPath>
    <altitudeLayer>Building</altitudeLayer>
    <passability>Impassable</passability>
    <blockWind>true</blockWind>
    <fillPercent>1</fillPercent>
    <blockLight>true</blockLight>
    <canOverlapZones>false</canOverlapZones>
    <castEdgeShadows>true</castEdgeShadows>
    <statBases>
      <WorkToBuild>8000</WorkToBuild>
      <MaxHitPoints>400</MaxHitPoints>
      <Flammability>0</Flammability>
    </statBases>
    <tickerType>Normal</tickerType>
    <designationCategory>Ship</designationCategory>
    <placingDraggableDimensions>1</placingDraggableDimensions>
    <comps>
      <li Class="CompProperties_Power">
        <compClass>CompPowerTransmitter</compClass>
        <transmitsPower>true</transmitsPower>
      </li>
      <li Class="CompProperties_ShipPart"/>
			<li Class="CompProperties_DefaultStuff">
				<defaultStuff>Plasteel</defaultStuff>
			</li>
		  <li Class="CompProperties_RoofMe"/>
    </comps>
    <placeWorkers>
      <li>PlaceWorker_NotUnderNonShipRoof</li>
    </placeWorkers>
    <building>
      <shipPart>true</shipPart>
      <blueprintGraphicData>
        <texPath>Things/Building/Linked/Wall_Blueprint_Atlas</texPath>
      </blueprintGraphicData>
    </building>
    <stuffCategories>
      <li>Metallic</li>
    </stuffCategories>
    <costStuffCount>30</costStuffCount>
    <costList>
      <Steel>40</Steel>
      <ComponentSpacer>1</ComponentSpacer>
      <ComponentIndustrial>1</ComponentIndustrial>
    </costList>
    <terrainAffordanceNeeded>Heavy</terrainAffordanceNeeded>
    <staticSunShadowHeight>1.0</staticSunShadowHeight>
    <researchPrerequisites>
      <li>ShipBasics</li>
    </researchPrerequisites>
    <designationHotKey>Misc1</designationHotKey>
    <holdsRoof>true</holdsRoof>
  </ThingDef>

  <ThingDef ParentName="BuildingBase">
    <defName>ShipInside_CryptosleepCasket</defName>
    <label>interior ship cryptosleep casket</label>
    <description>A lighter version of the ship cryptosleep casket. Protected by the ship's hull, it has no need for the standard model's thick shielding. Must be placed inside a fully enclosed ship.</description>
    <thingClass>Building_CryptosleepCasket</thingClass>
    <graphicData>
      <texPath>Things/Building/Ship/ShipCryptosleepCasket</texPath>
      <graphicClass>Graphic_Multi</graphicClass>
      <drawSize>(1,2)</drawSize>
      <shadowData>
        <volume>(0.83, 0.3, 1.7)</volume>
      </shadowData>
    </graphicData>
    <researchPrerequisites><li>ShipCryptosleep</li></researchPrerequisites>
    <altitudeLayer>Building</altitudeLayer>
    <passability>PassThroughOnly</passability>
    <pathCost>70</pathCost>
    <blockWind>true</blockWind>
    <fillPercent>0.5</fillPercent>
    <canOverlapZones>false</canOverlapZones>
    <statBases>
      <WorkToBuild>8000</WorkToBuild>
      <MaxHitPoints>200</MaxHitPoints>
      <Flammability>0</Flammability>
    </statBases>
    <tickerType>Normal</tickerType>
    <size>(1,2)</size>
    <designationCategory>Ship</designationCategory>
    <hasInteractionCell>true</hasInteractionCell>
    <interactionCellOffset>(1,0,0)</interactionCellOffset>
    <comps>
      <li Class="CompProperties_Power">
        <compClass>CompPowerTransmitter</compClass>
        <transmitsPower>true</transmitsPower>
      </li>
      <li Class="CompProperties_ShipPart"/>
      <li Class="CompProperties_Explosive">
        <explosiveRadius>2.66</explosiveRadius>
        <explosiveDamageType>Flame</explosiveDamageType>
      </li>
    </comps>
    <placeWorkers>
      <li>PlaceWorker_InsideStarship</li>
    </placeWorkers>
    <building>
      <shipPart>true</shipPart>
      <isPlayerEjectable>true</isPlayerEjectable>
    </building>
    <costList>
      <Steel>120</Steel>
			<Uranium>14</Uranium>
			<ComponentIndustrial>3</ComponentIndustrial>
      <ComponentSpacer>3</ComponentSpacer>
    </costList>
    <terrainAffordanceNeeded>Heavy</terrainAffordanceNeeded>
    <constructionSkillPrerequisite>8</constructionSkillPrerequisite>
    <designationHotKey>Misc2</designationHotKey>
  </ThingDef>



  <ThingDef ParentName="BuildingBase">
    <defName>ShipInside_SolarGenerator</defName>
    <label>solar generator</label>
    <description>Produces electricity from sunlight. Does not work in the dark or under artificial light.</description>
    <thingClass>Building</thingClass>
		<graphicData>
      <texPath>Things/Building/Linked/ShipBeam</texPath>
      <graphicClass>Graphic_Appearances</graphicClass>
      <linkType>CornerFiller</linkType>
      <linkFlags>
        <li>Wall</li>
        <li>Rock</li>
      </linkFlags>
      <damageData>
        <cornerTL>Damage/Corner</cornerTL>
        <cornerTR>Damage/Corner</cornerTR>
        <cornerBL>Damage/Corner</cornerBL>
        <cornerBR>Damage/Corner</cornerBR>
        <edgeTop>Damage/Edge</edgeTop>
        <edgeBot>Damage/Edge</edgeBot>
        <edgeLeft>Damage/Edge</edgeLeft>
        <edgeRight>Damage/Edge</edgeRight>
      </damageData>
    </graphicData>
		<uiIconPath>Things/Building/Ship/BeamSolarUI</uiIconPath>
    <rotatable>true</rotatable>
    <altitudeLayer>Building</altitudeLayer>
    <passability>Impassable</passability>
    <blockWind>true</blockWind>
    <fillPercent>1</fillPercent>
    <blockLight>true</blockLight>
    <canOverlapZones>false</canOverlapZones>
    <castEdgeShadows>true</castEdgeShadows>
    <tickerType>Normal</tickerType>
    <statBases>
      <WorkToBuild>8000</WorkToBuild>
      <MaxHitPoints>200</MaxHitPoints>
      <Flammability>0</Flammability>
    </statBases>
    <selectable>true</selectable>
    <costList>
      <Steel>200</Steel>
      <ComponentIndustrial>10</ComponentIndustrial>
      <ComponentSpacer>5</ComponentSpacer>
    </costList>
    <building>
      <shipPart>true</shipPart>
      <blueprintGraphicData>
        <texPath>Things/Building/Linked/Wall_Blueprint_Atlas</texPath>
      </blueprintGraphicData>
    </building>
    <comps>
      <li Class="CompProperties_Power">
        <compClass>CompPowerPlantSolarShip</compClass>
        <basePowerConsumption>-1</basePowerConsumption>
        <transmitsPower>true</transmitsPower>
      </li>
			<li Class="CompProperties_Unfold">
				<extendRate>0.005</extendRate>
				<retractRate>0.0025</retractRate>
        <retractTime>750</retractTime>
				<extendDirection>(0,0,-1)</extendDirection>
				<startOffset>0.5</startOffset>
				<length>3.0</length>
	      <graphicPath>Things/Building/Ship/SolarExpand</graphicPath>
			</li>
      <li Class="CompProperties_Breakdownable"/>
			<li Class="CompProperties_DefaultStuff">
				<defaultStuff>Plasteel</defaultStuff>
			</li>
    </comps>
    <stuffCategories>
      <li>Metallic</li>
    </stuffCategories>
    <costStuffCount>50</costStuffCount>
    <placeWorkers>
      <li>PlaceWorker_SolarShip</li>
    </placeWorkers>
    <terrainAffordanceNeeded>Medium</terrainAffordanceNeeded>
    <designationCategory>Ship</designationCategory>
    <designationHotKey>Misc5</designationHotKey>
    <researchPrerequisites>
      <li>Electricity</li>
      <li>SolarPanels</li>
    </researchPrerequisites>
    <constructionSkillPrerequisite>6</constructionSkillPrerequisite>
  </ThingDef>

	<ThingDef ParentName="BuildingBase">
    <defName>ShipInside_PassiveCooler</defName>
    <label>ship radiator</label>
    <description>A radiator to remove heat from a ship. Pumps a lot of heat out into the void.</description>
    <thingClass>Building_Radiator</thingClass>
    <category>Building</category>
		<graphicData>
      <texPath>Things/Building/Linked/ShipBeam</texPath>
      <graphicClass>Graphic_Appearances</graphicClass>
      <linkType>CornerFiller</linkType>
      <linkFlags>
        <li>Wall</li>
        <li>Rock</li>
      </linkFlags>
      <damageData>
        <cornerTL>Damage/Corner</cornerTL>
        <cornerTR>Damage/Corner</cornerTR>
        <cornerBL>Damage/Corner</cornerBL>
        <cornerBR>Damage/Corner</cornerBR>
        <edgeTop>Damage/Edge</edgeTop>
        <edgeBot>Damage/Edge</edgeBot>
        <edgeLeft>Damage/Edge</edgeLeft>
        <edgeRight>Damage/Edge</edgeRight>
      </damageData>
    </graphicData>
    <uiIconPath>Things/Building/Ship/BeamRadiatorUI</uiIconPath>
    <size>(1,1)</size>
    <rotatable>true</rotatable>
    <altitudeLayer>Building</altitudeLayer>
    <passability>Impassable</passability>
    <blockWind>true</blockWind>
    <fillPercent>1</fillPercent>
    <blockLight>true</blockLight>
    <canOverlapZones>false</canOverlapZones>
    <castEdgeShadows>true</castEdgeShadows>
    <tickerType>Normal</tickerType>
    <statBases>
      <WorkToBuild>8000</WorkToBuild>
      <MaxHitPoints>200</MaxHitPoints>
      <Flammability>0</Flammability>
    </statBases>
    <selectable>true</selectable>
    <costList>
      <Steel>200</Steel>
      <ComponentIndustrial>10</ComponentIndustrial>
      <ComponentSpacer>5</ComponentSpacer>
    </costList>
    <soundImpactDefault>BulletImpact_Metal</soundImpactDefault>
    <leaveResourcesWhenKilled>true</leaveResourcesWhenKilled>
    <resourcesFractionWhenDeconstructed>0.5</resourcesFractionWhenDeconstructed>
    <placeWorkers>
      <li>PlaceWorker_Radiator</li>
    </placeWorkers>
    <drawPlaceWorkersWhileSelected>true</drawPlaceWorkersWhileSelected>
    <comps>
			<li Class="CompProperties_Power">
				<compClass>CompPowerTrader</compClass>
				<basePowerConsumption>200</basePowerConsumption>
			</li>
			<li Class="CompProperties_Flickable"/>
			<li Class="CompProperties_TempControl">
				<energyPerSecond>-21</energyPerSecond>
			</li>
			<li Class="CompProperties_Unfold">
				<extendRate>0.005</extendRate>
				<retractRate>0.0025</retractRate>
        <retractTime>750</retractTime>
				<extendDirection>(0,0,-1)</extendDirection>
				<startOffset>0.5</startOffset>
				<length>3.0</length>
	      <graphicPath>Things/Building/Ship/Radiator</graphicPath>
			</li>
			<li Class="CompProperties_Overlay">
				<graphicPath>Things/Building/Ship/RadiatorVent</graphicPath>
				<size>(1,1,1)</size>
			</li>
			<li Class="CompProperties_DefaultStuff">
				<defaultStuff>Plasteel</defaultStuff>
			</li>
    </comps>
    <stuffCategories>
      <li>Metallic</li>
    </stuffCategories>
    <costStuffCount>50</costStuffCount>
    <designationCategory>Ship</designationCategory>
    <designationHotKey>Misc2</designationHotKey>
    <constructionSkillPrerequisite>8</constructionSkillPrerequisite>
    <researchPrerequisites>
      <li>ShipBasics</li>
      <li>AirConditioning</li>
    </researchPrerequisites>
		<building>
			<shipPart>true</shipPart>
      <blueprintGraphicData>
        <texPath>Things/Building/Linked/Wall_Blueprint_Atlas</texPath>
      </blueprintGraphicData>
		</building>
  </ThingDef>

	<ThingDef ParentName="BuildingBase">
    <defName>ShipInside_Turret_MiniTurret</defName>
    <label>mini-turret</label>
    <description>A portable automatic turret. Requires steel to refurbish its barrel after heavy use. May explode when damaged. Its dumb AI brain can't be directly controlled, so beware of friendly fire.</description>
    <thingClass>Building_TurretGun</thingClass>
    <graphicData>
      <texPath>Things/Building/Ship/BeamSingle</texPath>
      <graphicClass>Graphic_Single</graphicClass>
      <drawSize>(1,1)</drawSize>
      <damageData>
        <rect>(0.2,0.2,0.6,0.6)</rect>
      </damageData>
      <shadowData>
        <volume>(0.27,0.25,0.27)</volume>
        <offset>(0,0,0)</offset>
      </shadowData>
    </graphicData>
    <uiIconPath>Things/Building/Security/TurretMini_MenuIcon</uiIconPath>
    <uiIconScale>0.90</uiIconScale>
    <minifiedDef>MinifiedThing</minifiedDef>
    <altitudeLayer>Building</altitudeLayer>
    <stealable>false</stealable>
    <rotatable>false</rotatable>
    <thingCategories>
      <li>BuildingsSecurity</li>
    </thingCategories>
    <statBases>
      <MaxHitPoints>120</MaxHitPoints>
      <Flammability>0.7</Flammability>
      <WorkToBuild>3500</WorkToBuild>
      <Mass>10</Mass>
      <Beauty>-20</Beauty>
      <ShootingAccuracyTurret>0.96</ShootingAccuracyTurret>
    </statBases>
    <tickerType>Normal</tickerType>
    <comps>
      <li Class="CompProperties_Explosive">
        <explosiveRadius>3.9</explosiveRadius>
        <explosiveDamageType>Bomb</explosiveDamageType>
        <chanceNeverExplodeFromDamage>0.5</chanceNeverExplodeFromDamage>
      </li>
      <li Class="CompProperties_Forbiddable"/>
      <li Class="CompProperties_Power">
        <compClass>CompPowerTrader</compClass>
        <basePowerConsumption>80</basePowerConsumption>
      </li>
      <li Class="CompProperties_Flickable"/>
      <li Class="CompProperties_Breakdownable"/>
      <li Class="CompProperties_Refuelable">
        <fuelLabel>Shots until barrel change</fuelLabel>
        <fuelGizmoLabel>Barrel durability</fuelGizmoLabel>
        <fuelFilter>
          <thingDefs>
            <li>Steel</li>
          </thingDefs>
        </fuelFilter>
        <fuelCapacity>120</fuelCapacity>
        <initialFuelPercent>1</initialFuelPercent>
        <autoRefuelPercent>0.75</autoRefuelPercent>
        <showFuelGizmo>true</showFuelGizmo>
        <minimumFueledThreshold>1</minimumFueledThreshold>
        <fuelMultiplier>3</fuelMultiplier>
        <factorByDifficulty>true</factorByDifficulty>
        <consumeFuelOnlyWhenUsed>true</consumeFuelOnlyWhenUsed>
        <outOfFuelMessage>Cannot shoot: Needs new barrel</outOfFuelMessage>
        <fuelIconPath>UI/Overlays/Barrel</fuelIconPath>
      </li>
    </comps>
    <passability>PassThroughOnly</passability>
    <pathCost>50</pathCost>
    <fillPercent>0.4</fillPercent>
    <hasTooltip>true</hasTooltip>
    <stuffCategories>
      <li>Metallic</li>
    </stuffCategories>
    <costStuffCount>60</costStuffCount>
    <costList>
      <Steel>40</Steel>
      <ComponentIndustrial>3</ComponentIndustrial>
    </costList>
    <terrainAffordanceNeeded>Light</terrainAffordanceNeeded>
    <designationCategory>Ship</designationCategory>
    <specialDisplayRadius>24.9</specialDisplayRadius>
    <constructionSkillPrerequisite>5</constructionSkillPrerequisite>
    <building>
      <shipPart>true</shipPart>
			<ai_combatDangerous>true</ai_combatDangerous>
      <turretGunDef>Gun_MiniTurret</turretGunDef>
      <turretBurstCooldownTime>4.8</turretBurstCooldownTime>
      <turretTopGraphicPath>Things/Building/Security/TurretMini_Top</turretTopGraphicPath>
    </building>
    <placeWorkers>
      <li>PlaceWorker_TurretTop</li>
    </placeWorkers>
    <designationHotKey>Misc2</designationHotKey>
    <researchPrerequisites>
      <li>ShipBasics</li>
      <li>GunTurrets</li>
    </researchPrerequisites>
  </ThingDef>

	<ThingDef ParentName="BuildingBase" Name="ShipInside_AutocannonTurret">
    <defName>ShipInside_Turret_Autocannon</defName>
    <label>autocannon turret</label>
    <description>A heavy automatic turret. Its large-caliber shells do heavy damage over significant ranges, but its barrel must be refurbished after use. It cannot fire at close-up targets, and may explode when damaged.</description>
    <thingClass>Building_TurretGun</thingClass>
    <graphicData>
      <texPath>Things/Building/Ship/BeamQuad</texPath>
      <graphicClass>Graphic_Single</graphicClass>
      <drawSize>(2, 2)</drawSize>
      <damageData>
        <rect>(0.2,0.2,0.6,0.6)</rect>
      </damageData>
      <shadowData>
        <volume>(1.5,0.35,1.4)</volume>
        <offset>(0,0,-0.05)</offset>
      </shadowData>
    </graphicData>
    <uiIconPath>Things/Building/Security/TurretAutocannon_MenuIcon</uiIconPath>
    <altitudeLayer>Building</altitudeLayer>
    <stealable>false</stealable>
    <rotatable>false</rotatable>
    <size>(2,2)</size>
    <statBases>
      <MaxHitPoints>450</MaxHitPoints>
      <Flammability>0.7</Flammability>
      <WorkToBuild>15000</WorkToBuild>
      <Mass>100</Mass>
      <Beauty>-20</Beauty>
      <ShootingAccuracyTurret>0.96</ShootingAccuracyTurret>
    </statBases>
    <tickerType>Normal</tickerType>
    <comps>
      <li Class="CompProperties_Explosive">
        <explosiveRadius>5.9</explosiveRadius>
        <explosiveDamageType>Bomb</explosiveDamageType>
        <chanceNeverExplodeFromDamage>0.5</chanceNeverExplodeFromDamage>
      </li>
      <li Class="CompProperties_Forbiddable"/>
      <li Class="CompProperties_Power">
        <compClass>CompPowerTrader</compClass>
        <basePowerConsumption>150</basePowerConsumption>
      </li>
      <li Class="CompProperties_Flickable"/>
      <li Class="CompProperties_Breakdownable"/>
      <li Class="CompProperties_Refuelable">
        <fuelLabel>Shots until barrel change</fuelLabel>
        <fuelGizmoLabel>Barrel durability</fuelGizmoLabel>
        <fuelFilter>
          <thingDefs>
            <li>Steel</li>
          </thingDefs>
        </fuelFilter>
        <fuelCapacity>90</fuelCapacity>
        <initialFuelPercent>1</initialFuelPercent>
        <autoRefuelPercent>0.75</autoRefuelPercent>
        <showFuelGizmo>true</showFuelGizmo>
        <minimumFueledThreshold>1</minimumFueledThreshold>
        <fuelMultiplier>0.75</fuelMultiplier>
        <factorByDifficulty>true</factorByDifficulty>
        <consumeFuelOnlyWhenUsed>true</consumeFuelOnlyWhenUsed>
        <outOfFuelMessage>Cannot shoot: Needs new barrel</outOfFuelMessage>
        <fuelIconPath>UI/Overlays/Barrel</fuelIconPath>
      </li>
    </comps>
    <passability>PassThroughOnly</passability>
    <pathCost>50</pathCost>
    <fillPercent>0.5</fillPercent>
    <hasTooltip>true</hasTooltip>
    <costList>
      <Steel>350</Steel>
      <Plasteel>40</Plasteel>
      <ComponentIndustrial>6</ComponentIndustrial>
    </costList>
    <terrainAffordanceNeeded>Heavy</terrainAffordanceNeeded>
    <designationCategory>Ship</designationCategory>
    <specialDisplayRadius>32.9</specialDisplayRadius>
    <constructionSkillPrerequisite>6</constructionSkillPrerequisite>
    <building>
      <shipPart>true</shipPart>
      <ai_combatDangerous>true</ai_combatDangerous>
      <turretGunDef>Gun_AutocannonTurret</turretGunDef>
      <turretBurstCooldownTime>3.5</turretBurstCooldownTime>
      <turretTopGraphicPath>Things/Building/Security/TurretAutocannon_Top</turretTopGraphicPath>
      <turretTopDrawSize>2.7</turretTopDrawSize>
      <turretTopOffset>(0, 0.05)</turretTopOffset>
    </building>
    <placeWorkers>
      <li>PlaceWorker_TurretTop</li>
    </placeWorkers>
    <designationHotKey>Misc3</designationHotKey>
    <researchPrerequisites>
      <li>ShipBasics</li>
      <li>HeavyTurrets</li>
    </researchPrerequisites>
    <uiIconScale>0.95</uiIconScale>
  </ThingDef>

  <ThingDef ParentName="BuildingBase">
    <defName>ShipAirlock</defName>
    <label>ship airlock</label>
    <description>Allows access to a ship or divides rooms inside it. Powered operation allows people to move through the door without slowing down.</description>
    <category>Building</category>
		<thingClass>Building_Door</thingClass>
    <designationCategory>Ship</designationCategory>
    <altitudeLayer>DoorMoveable</altitudeLayer>
    <fillPercent>1</fillPercent>
    <useHitPoints>true</useHitPoints>
    <graphicData>
      <texPath>Things/Building/Ship/Airlock_Mover</texPath>
      <graphicClass>Graphic_Single</graphicClass>
      <damageData>
      <!--  no damage marks because they don't move with the door
        <rect>(0,0.12,1,0.76)</rect>-->
        <enabled>false</enabled>
      </damageData>
    </graphicData>
    <uiIconPath>Things/Building/Door/Autodoor_MenuIcon</uiIconPath>
    <costList>
      <Steel>40</Steel>
      <ComponentIndustrial>2</ComponentIndustrial>
	  <Plasteel>40</Plasteel>
    </costList>
    <comps>
      <li Class="CompProperties_Power">
        <compClass>CompPowerTransmitter</compClass>
        <transmitsPower>true</transmitsPower>
      </li>
      <li Class="CompProperties_ShipPart"/>
      <li Class="CompProperties_Forbiddable"/>
    </comps>
    <designationHotKey>Misc2</designationHotKey>
    <researchPrerequisites>
      <li>ShipBasics</li>
    </researchPrerequisites>
	<statBases>
      <WorkToBuild>1200</WorkToBuild>
      <MaxHitPoints>500</MaxHitPoints>
      <Flammability>0.0</Flammability>
    </statBases>
    <leaveResourcesWhenKilled>false</leaveResourcesWhenKilled>
    <selectable>true</selectable>
    <tickerType>Normal</tickerType>
    <rotatable>false</rotatable>
    <soundImpactDefault>BulletImpact_Metal</soundImpactDefault>
    <terrainAffordanceNeeded>Light</terrainAffordanceNeeded>
    <holdsRoof>true</holdsRoof>
    <staticSunShadowHeight>1.0</staticSunShadowHeight>
    <blockLight>true</blockLight>
    <drawerType>RealtimeOnly</drawerType>
    <building>
      <blueprintClass>Blueprint_Door</blueprintClass>
			<blueprintGraphicData>
				<texPath>Things/Building/Door/Door_Blueprint</texPath>
			</blueprintGraphicData>
			<shipPart>true</shipPart>
			<isInert>true</isInert>
			<canPlaceOverWall>true</canPlaceOverWall>
      <soundDoorOpenPowered>Door_OpenPowered</soundDoorOpenPowered>
      <soundDoorClosePowered>Door_ClosePowered</soundDoorClosePowered>
      <soundDoorOpenManual>Door_OpenManual</soundDoorOpenManual>
      <soundDoorCloseManual>Door_CloseManual</soundDoorCloseManual>
    </building>
  </ThingDef>
</Defs>
